{"count":1,"self":575.28954879999992,"total":1927.336196,"children":{"InitializeActuators":{"count":1,"self":0.0020033,"total":0.0020033,"children":null},"InitializeSensors":{"count":1,"self":0.0009998,"total":0.0009998,"children":null},"AgentSendState":{"count":1414784,"self":7.6356335999999994,"total":84.9095609,"children":{"CollectObservations":{"count":202112,"self":6.9379111999999994,"total":6.9379114,"children":null},"WriteActionMask":{"count":202112,"self":0.576977,"total":0.576977,"children":null},"RequestDecision":{"count":202112,"self":2.0373352,"total":69.7590386,"children":{"AgentInfo.ToProto":{"count":202112,"self":1.8717446,"total":67.7217033,"children":{"GenerateSensorData":{"count":202112,"self":65.849958399999991,"total":65.8499587,"children":null}}}}}}},"DecideAction":{"count":1414784,"self":1251.6993023999999,"total":1251.6993359,"children":null},"AgentAct":{"count":1414784,"self":15.3264192,"total":15.3469213,"children":{"AgentInfo.ToProto":{"count":49,"self":0,"total":0.020502899999999998,"children":{"GenerateSensorData":{"count":49,"self":0.020502899999999998,"total":0.020502899999999998,"children":null}}}}},"AgentInfo.ToProto":{"count":233,"self":0.0039983,"total":0.086466599999999991,"children":{"GenerateSensorData":{"count":233,"self":0.0824683,"total":0.0824683,"children":null}}}},"gauges":{"MapController.CumulativeReward":{"count":282,"max":52.4512444,"min":-15.2282009,"runningAverage":19.0627365,"value":17.585022,"weightedAverage":9.875451}},"metadata":{"timer_format_version":"0.1.0","start_time_seconds":"1717518992","unity_version":"2022.3.19f1","command_line_arguments":"C:\\Program Files\\Unity\\Hub\\Editor\\2022.3.19f1\\Editor\\Unity.exe -projectpath D:\\GitHub\\ReflectionWars -useHub -hubIPC -cloudEnvironment production -licensingIpc LicenseClient-Yehor -hubSessionId 5d7d6c12-87ed-4cea-8b59-e31438365fd3","communication_protocol_version":"1.5.0","com.unity.ml-agents_version":"2.0.1","scene_name":"SampleScene","end_time_seconds":"1717520919"}}