{"count":1,"self":698.6218496,"total":1578.0038603,"children":{"InitializeActuators":{"count":1,"self":0.001547,"total":0.001547,"children":null},"InitializeSensors":{"count":1,"self":0.0015398999999999999,"total":0.0015398999999999999,"children":null},"AgentSendState":{"count":1606667,"self":8.6652992,"total":55.418149799999995,"children":{"CollectObservations":{"count":229524,"self":7.6563696,"total":7.65637,"children":null},"WriteActionMask":{"count":229524,"self":0.697465,"total":0.697465,"children":null},"RequestDecision":{"count":229524,"self":2.2810592,"total":38.3990156,"children":{"AgentInfo.ToProto":{"count":229524,"self":2.1574128,"total":36.1179565,"children":{"GenerateSensorData":{"count":229524,"self":33.960544,"total":33.960543699999995,"children":null}}}}}}},"DecideAction":{"count":1606667,"self":761.70439679999993,"total":761.70437399999992,"children":null},"AgentAct":{"count":1606667,"self":62.224153599999994,"total":62.236745199999994,"children":{"AgentInfo.ToProto":{"count":69,"self":0,"total":0.0125889,"children":{"GenerateSensorData":{"count":69,"self":0.0125889,"total":0.0125889,"children":null}}}}},"AgentInfo.ToProto":{"count":106,"self":0.00050369999999999994,"total":0.019666199999999998,"children":{"GenerateSensorData":{"count":106,"self":0.0191625,"total":0.0191625,"children":null}}}},"gauges":{"MapController.CumulativeReward":{"count":175,"max":90044.4453,"min":-47.5590439,"runningAverage":554.3183,"value":132.2613,"weightedAverage":47.30744}},"metadata":{"timer_format_version":"0.1.0","start_time_seconds":"1716665458","unity_version":"2022.3.19f1","command_line_arguments":"C:\\Program Files\\Unity\\Hub\\Editor\\2022.3.19f1\\Editor\\Unity.exe -projectpath D:\\GitHub\\ReflectionWars -useHub -hubIPC -cloudEnvironment production -licensingIpc LicenseClient-Yehor -hubSessionId c02c50c5-b580-4e03-aaa9-fea400f17759","communication_protocol_version":"1.5.0","com.unity.ml-agents_version":"2.0.1","scene_name":"SampleScene","end_time_seconds":"1716667036"}}